{
  "n_test": 150,
  "k": 20,
  "coverage": {
    "pool": 9956,
    "cf_reachable": 8604,
    "cold": 1352
  },
  "recall_cf": {
    "mean": 0.25,
    "lo": 0.18775,
    "hi": 0.31333333333333335,
    "n": 150
  },
  "recall_hybrid": {
    "mean": 0.25333333333333335,
    "lo": 0.19108333333333333,
    "hi": 0.3178055555555554,
    "n": 150
  },
  "diff_hy_minus_cf": {
    "mean_diff": 0.0033333333333333335,
    "lo": 0.0,
    "hi": 0.01,
    "significant": false,
    "n": 150
  },
  "underfill_rate": 0.04,
  "all_cold_profile": 0,
  "holdout_cold_frac_mean": 0.0033333333333333335,
  "underfill_recall_cf": 0.4166666666666667,
  "underfill_recall_hy": 0.5,
  "min_quality_pct": 0.3
}