{
  "by_lambda": {
    "0": {
      "recall": {
        "mean": 0.25,
        "lo": 0.18775,
        "hi": 0.31333333333333335,
        "n": 150
      },
      "diff_vs_base": {
        "mean_diff": 0.0,
        "lo": 0.0,
        "hi": 0.0,
        "significant": false,
        "n": 150
      }
    },
    "1": {
      "recall": {
        "mean": 0.25,
        "lo": 0.18777777777777777,
        "hi": 0.3144444444444444,
        "n": 150
      },
      "diff_vs_base": {
        "mean_diff": 0.0,
        "lo": -0.02,
        "hi": 0.02,
        "significant": false,
        "n": 150
      }
    },
    "3": {
      "recall": {
        "mean": 0.24333333333333335,
        "lo": 0.18111111111111108,
        "hi": 0.30666666666666664,
        "n": 150
      },
      "diff_vs_base": {
        "mean_diff": -0.006666666666666667,
        "lo": -0.026833333333333327,
        "hi": 0.013333333333333334,
        "significant": false,
        "n": 150
      }
    },
    "5": {
      "recall": {
        "mean": 0.24333333333333335,
        "lo": 0.18111111111111108,
        "hi": 0.30666666666666664,
        "n": 150
      },
      "diff_vs_base": {
        "mean_diff": -0.006666666666666667,
        "lo": -0.026833333333333327,
        "hi": 0.013333333333333334,
        "significant": false,
        "n": 150
      }
    },
    "10": {
      "recall": {
        "mean": 0.25,
        "lo": 0.18555555555555558,
        "hi": 0.31447222222222204,
        "n": 150
      },
      "diff_vs_base": {
        "mean_diff": 0.0,
        "lo": -0.02666666666666667,
        "hi": 0.02666666666666667,
        "significant": false,
        "n": 150
      }
    }
  },
  "best_lambda": 0.0,
  "adopt": false
}