{
  "multi_entity": {
    "non_A": {
      "mean": 0.3083333333333333,
      "lo": 0.225,
      "hi": 0.3916666666666666,
      "n": 60
    },
    "non_B": {
      "mean": 0.027777777777777776,
      "lo": 0.005555555555555555,
      "hi": 0.058333333333333334,
      "n": 60
    },
    "non_min": {
      "mean": 0.01111111111111111,
      "lo": 0.0,
      "hi": 0.027777777777777776,
      "n": 60
    },
    "agt_A": {
      "mean": 0.11944444444444444,
      "lo": 0.07222222222222222,
      "hi": 0.1722222222222222,
      "n": 60
    },
    "agt_B": {
      "mean": 0.11944444444444444,
      "lo": 0.07222222222222222,
      "hi": 0.17222222222222222,
      "n": 60
    },
    "agt_min": {
      "mean": 0.030555555555555555,
      "lo": 0.008263888888888894,
      "hi": 0.058333333333333334,
      "n": 60
    }
  },
  "cmp_min": {
    "mean_diff": 0.01944444444444444,
    "lo": 0.0,
    "hi": 0.04444444444444444,
    "significant": false,
    "n": 60
  },
  "cmp_B": {
    "mean_diff": 0.09166666666666666,
    "lo": 0.05,
    "hi": 0.13888888888888887,
    "significant": true,
    "n": 60
  },
  "over_constrained": {
    "non_complete": {
      "mean": 0.42083333333333334,
      "lo": 0.37083333333333335,
      "hi": 0.4725208333333333,
      "n": 60
    },
    "agt_complete": {
      "mean": 0.9774999999999999,
      "lo": 0.9466458333333333,
      "hi": 0.9975,
      "n": 60
    },
    "constraints": {
      "coop": true,
      "max_price": 10.0,
      "released_after": 2018
    }
  }
}