{
  "embedding_info": {
    "shape": [
      393,
      128
    ],
    "dimension": 128,
    "num_tags": 393
  },
  "svd_info": {
    "explained_variance_ratio": 0.9172784361991948,
    "singular_values": [
      89.10511840879917,
      56.59720604545079,
      53.64605900886855,
      48.3377476405886,
      43.08074838684361,
      41.635208517100494,
      38.42870915647565,
      37.25442222038339,
      35.766996491002374,
      35.20143062366979,
      33.73179425833423,
      31.77565605121163,
      31.001109278399188,
      30.556577374095227,
      29.40480436422671,
      28.465144975980216,
      27.622190596629938,
      27.28421573757751,
      27.015278685350676,
      26.264147458930363,
      26.20528446148852,
      25.73894393826532,
      25.549454419309257,
      24.817661326848167,
      24.169417136309725,
      23.665476873282778,
      23.193487006302224,
      22.645493036473365,
      22.31486405509408,
      22.091618171420816,
      21.665420669568274,
      21.450056028166394,
      21.160553077891592,
      20.97049599161277,
      20.753492117686598,
      20.72898793769514,
      20.343822689142133,
      20.169759823636962,
      19.762792615948868,
      19.42562370569902,
      19.183755781475146,
      18.93256438215613,
      18.55878520463795,
      18.20511299567415,
      18.140962092489325,
      17.99296297310458,
      17.688907758290522,
      17.35923518423817,
      17.173331983192124,
      16.975522590563788,
      16.757556901227066,
      16.628181322774868,
      16.31477596131767,
      16.046887021895543,
      15.860895656688204,
      15.624377434774917,
      15.482056988613326,
      15.338732091639752,
      15.256887775648444,
      15.04569800422248,
      14.878411148356623,
      14.754126454240902,
      14.552567122710668,
      14.161658926488851,
      14.118494201154132,
      13.952574509529466,
      13.72549915809072,
      13.647468767250633,
      13.376581473098765,
      13.221721183154452,
      13.058553942031677,
      12.685677149108589,
      12.577228486690844,
      12.519475336797909,
      12.38809304960248,
      12.061189596701464,
      11.92747016180301,
      11.759871095751791,
      11.673537232281653,
      11.498053645010796,
      11.473873938411908,
      11.443159572469607,
      11.405409076834943,
      11.29298327468675,
      11.204091287339612,
      11.12370840122001,
      11.002407207872162,
      10.967457430066988,
      10.908800785537906,
      10.803576328000899,
      10.746729352242323,
      10.650551238221034,
      10.574043655903594,
      10.516386483497635,
      10.341774298512892,
      10.336874414576393,
      10.234615571789979,
      10.204603518271972,
      10.109897568310792,
      10.088390930662777,
      10.00405231713508,
      9.941592035026467,
      9.877260298454543,
      9.871892756313915,
      9.766722554510913,
      9.609888124158504,
      9.553736062449298,
      9.490548697614416,
      9.418328263528188,
      9.28772171142911,
      9.237431526291504,
      9.206287794631251,
      9.112305381098794,
      9.034019249569514,
      8.97491596451198,
      8.951532133351655,
      8.870573440793152,
      8.797261481064933,
      8.725333485126935,
      8.66327622375069,
      8.638961686053946,
      8.571874071361973,
      8.488991573891163,
      8.44752570342355,
      8.438988894776973,
      8.406490296582394,
      8.29297760332375,
      8.252435721175312
    ],
    "components_shape": [
      128,
      393
    ]
  },
  "ppmi_info": {
    "matrix_shape": [
      393,
      393
    ],
    "density": 0.20183361497970204,
    "max_value": 11.443905540362278,
    "min_value": 0.0
  },
  "parameters": {
    "embedding_dim": 128,
    "random_state": 42
  }
}