{
  "n_test": 300,
  "n_eligible": 18197,
  "by_profile_size": {
    "1": {
      "mean": 0.08944444444444444,
      "lo": 0.06666666666666667,
      "hi": 0.1127916666666666,
      "n": 300
    },
    "2": {
      "mean": 0.12944444444444442,
      "lo": 0.1011111111111111,
      "hi": 0.1572222222222222,
      "n": 300
    },
    "3": {
      "mean": 0.165,
      "lo": 0.13554166666666664,
      "hi": 0.1955555555555555,
      "n": 300
    },
    "4": {
      "mean": 0.18444444444444444,
      "lo": 0.15333333333333332,
      "hi": 0.215,
      "n": 300
    }
  },
  "growth_lo_to_hi": {
    "mean_diff": 0.095,
    "lo": 0.07,
    "hi": 0.12001388888888881,
    "significant": true,
    "n": 300
  },
  "last_step": {
    "mean_diff": 0.019444444444444445,
    "lo": 0.002208333333333333,
    "hi": 0.03666666666666667,
    "significant": true,
    "n": 300
  },
  "monotonic": true
}