{
  "n_test": 200,
  "n_items": 6487,
  "by_method": {
    "pop": {
      "recall": {
        "mean": 0.07833333333333332,
        "lo": 0.04666666666666666,
        "hi": 0.11252083333333322,
        "n": 200
      },
      "ndcg": {
        "mean": 0.033878046448878964,
        "lo": 0.019612991860639716,
        "hi": 0.05095503752640568,
        "n": 200
      }
    },
    "cf": {
      "recall": {
        "mean": 0.2033333333333333,
        "lo": 0.15416666666666665,
        "hi": 0.25166666666666665,
        "n": 200
      },
      "ndcg": {
        "mean": 0.10392652802295783,
        "lo": 0.07587075836390779,
        "hi": 0.13346133873414945,
        "n": 200
      }
    },
    "ease": {
      "recall": {
        "mean": 0.2,
        "lo": 0.15333333333333335,
        "hi": 0.2491874999999999,
        "n": 200
      },
      "ndcg": {
        "mean": 0.09821931202903046,
        "lo": 0.07329094031929316,
        "hi": 0.12447542067672034,
        "n": 200
      }
    },
    "als": {
      "recall": {
        "mean": 0.17416666666666664,
        "lo": 0.1283125,
        "hi": 0.22,
        "n": 200
      },
      "ndcg": {
        "mean": 0.07561443394804333,
        "lo": 0.05341466907909661,
        "hi": 0.10026216379838744,
        "n": 200
      }
    }
  },
  "diffs_vs_cf": {
    "pop": {
      "recall": {
        "mean_diff": -0.125,
        "lo": -0.1775,
        "hi": -0.0733125000000001,
        "significant": true,
        "n": 200
      },
      "ndcg": {
        "mean_diff": -0.07004848157407886,
        "lo": -0.10081549939507319,
        "hi": -0.03930588050601387,
        "significant": true,
        "n": 200
      }
    },
    "ease": {
      "recall": {
        "mean_diff": -0.0033333333333333335,
        "lo": -0.0325,
        "hi": 0.028333333333333332,
        "significant": false,
        "n": 200
      },
      "ndcg": {
        "mean_diff": -0.005707215993927372,
        "lo": -0.023723010246083944,
        "hi": 0.011170093547990421,
        "significant": false,
        "n": 200
      }
    },
    "als": {
      "recall": {
        "mean_diff": -0.02916666666666667,
        "lo": -0.07916666666666666,
        "hi": 0.018354166666666553,
        "significant": false,
        "n": 200
      },
      "ndcg": {
        "mean_diff": -0.028312094074914498,
        "lo": -0.05361124269170292,
        "hi": -0.003453766336150987,
        "significant": true,
        "n": 200
      }
    }
  },
  "winner": "cf",
  "params": {
    "ease_lambda": 250.0,
    "als_d": 64,
    "als_reg": 10.0,
    "als_alpha": 40.0,
    "als_iters": 12
  }
}