{
  "aggregate": {
    "V0_random": {
      "recall@10": {
        "mean": 0.001291451537055621,
        "lo": 0.0005327235772357724,
        "hi": 0.002233035484871843,
        "n": 410
      },
      "ndcg@10": {
        "mean": 0.003946148107576572,
        "lo": 0.001717462226944688,
        "hi": 0.006437456493771368,
        "n": 410
      },
      "recall@20": {
        "mean": 0.0016012979688532724,
        "lo": 0.0007659439927732611,
        "hi": 0.0025463769244505204,
        "n": 410
      },
      "ndcg@20": {
        "mean": 0.0031633795377339208,
        "lo": 0.0015395052585128156,
        "hi": 0.0050035410215442735,
        "n": 410
      },
      "recall@50": {
        "mean": 0.004511919603500796,
        "lo": 0.0030380182014934395,
        "hi": 0.006367363849090927,
        "n": 410
      },
      "ndcg@50": {
        "mean": 0.004029693472097302,
        "lo": 0.0025351770718914472,
        "hi": 0.0057596931893302795,
        "n": 410
      },
      "coverage@10": 0.33899156287665727,
      "gini@10": 0.14684502258355914
    },
    "V1_popularity": {
      "recall@10": {
        "mean": 0.04486977697397502,
        "lo": 0.037915933989453816,
        "hi": 0.051536595344054165,
        "n": 410
      },
      "ndcg@10": {
        "mean": 0.10200130693675487,
        "lo": 0.08752608952531182,
        "hi": 0.11528100130269932,
        "n": 410
      },
      "recall@20": {
        "mean": 0.09366619849695391,
        "lo": 0.08375592085890964,
        "hi": 0.10357881554619508,
        "n": 410
      },
      "ndcg@20": {
        "mean": 0.11465249798327425,
        "lo": 0.10249701214281935,
        "hi": 0.12576481457864752,
        "n": 410
      },
      "recall@50": {
        "mean": 0.21114959664159838,
        "lo": 0.19604180390692713,
        "hi": 0.22673020487858275,
        "n": 410
      },
      "ndcg@50": {
        "mean": 0.15407784932366056,
        "lo": 0.14214832099779892,
        "hi": 0.16487256420596547,
        "n": 410
      },
      "coverage@10": 0.0012053033346725592,
      "gini@10": 0.10390243902439018
    },
    "tagset_jaccard": {
      "recall@10": {
        "mean": 0.05973156900125773,
        "lo": 0.05170787604480378,
        "hi": 0.06874161657242822,
        "n": 410
      },
      "ndcg@10": {
        "mean": 0.14493308935862875,
        "lo": 0.12874774476274953,
        "hi": 0.16178887575558643,
        "n": 410
      },
      "recall@20": {
        "mean": 0.0918263613030424,
        "lo": 0.0812325936194994,
        "hi": 0.10349289334627824,
        "n": 410
      },
      "ndcg@20": {
        "mean": 0.13534647055634422,
        "lo": 0.12155827075863539,
        "hi": 0.149824047798524,
        "n": 410
      },
      "recall@50": {
        "mean": 0.1547805791068261,
        "lo": 0.1412376764816627,
        "hi": 0.16880695831767523,
        "n": 410
      },
      "ndcg@50": {
        "mean": 0.1421205045720322,
        "lo": 0.1296778010168481,
        "hi": 0.15564623049514947,
        "n": 410
      },
      "coverage@10": 0.25542386500602654,
      "gini@10": 0.28603243720207555
    },
    "Vb_tagcosine": {
      "recall@10": {
        "mean": 0.07485779483794051,
        "lo": 0.06459080243975943,
        "hi": 0.08548950321598864,
        "n": 410
      },
      "ndcg@10": {
        "mean": 0.17248094390569496,
        "lo": 0.15391508556025513,
        "hi": 0.1903122477441204,
        "n": 410
      },
      "recall@20": {
        "mean": 0.10488585059742131,
        "lo": 0.09234090590188382,
        "hi": 0.11780544388272597,
        "n": 410
      },
      "ndcg@20": {
        "mean": 0.15441923321095674,
        "lo": 0.1388043466109805,
        "hi": 0.17011924277829293,
        "n": 410
      },
      "recall@50": {
        "mean": 0.1639754465588575,
        "lo": 0.14880926091435354,
        "hi": 0.17914285151795442,
        "n": 410
      },
      "ndcg@50": {
        "mean": 0.15642883693898094,
        "lo": 0.14266024351211876,
        "hi": 0.17077394213049227,
        "n": 410
      },
      "coverage@10": 0.2534150261149056,
      "gini@10": 0.2971768026836035
    },
    "Vc_ppmi_svd": {
      "recall@10": {
        "mean": 0.04553114298617881,
        "lo": 0.038881853281455825,
        "hi": 0.05331037072814087,
        "n": 410
      },
      "ndcg@10": {
        "mean": 0.11126992768429166,
        "lo": 0.09765306856708784,
        "hi": 0.12576344453948501,
        "n": 410
      },
      "recall@20": {
        "mean": 0.07154857951271755,
        "lo": 0.06288096719251256,
        "hi": 0.08133026342323635,
        "n": 410
      },
      "ndcg@20": {
        "mean": 0.10407786180067896,
        "lo": 0.09314228493012477,
        "hi": 0.11653867502391495,
        "n": 410
      },
      "recall@50": {
        "mean": 0.12018595205726768,
        "lo": 0.10721634070377885,
        "hi": 0.13368511116709206,
        "n": 410
      },
      "ndcg@50": {
        "mean": 0.1089920650069722,
        "lo": 0.09887720890807955,
        "hi": 0.12043318530714629,
        "n": 410
      },
      "coverage@10": 0.27701888308557654,
      "gini@10": 0.25191124710376916
    },
    "Vd_ensemble": {
      "recall@10": {
        "mean": 0.04553114298617881,
        "lo": 0.038881853281455825,
        "hi": 0.05331037072814087,
        "n": 410
      },
      "ndcg@10": {
        "mean": 0.11126992768429166,
        "lo": 0.09765306856708784,
        "hi": 0.12576344453948501,
        "n": 410
      },
      "recall@20": {
        "mean": 0.07154857951271755,
        "lo": 0.06288096719251256,
        "hi": 0.08133026342323635,
        "n": 410
      },
      "ndcg@20": {
        "mean": 0.10407786180067896,
        "lo": 0.09314228493012477,
        "hi": 0.11653867502391495,
        "n": 410
      },
      "recall@50": {
        "mean": 0.12018595205726768,
        "lo": 0.10721634070377885,
        "hi": 0.13368511116709206,
        "n": 410
      },
      "ndcg@50": {
        "mean": 0.1089920650069722,
        "lo": 0.09887720890807955,
        "hi": 0.12043318530714629,
        "n": 410
      },
      "coverage@10": 0.27701888308557654,
      "gini@10": 0.25191124710376916
    }
  },
  "distinctiveness": {
    "Vc_vs_Vb@10": 0.2524390243902439,
    "Vd_vs_Vc@10": 1.0,
    "Vb_vs_V1@10": 0.0021951219512195124
  },
  "comparisons": {
    "Vb_tagcosine vs V1_popularity @50": {
      "recall": {
        "mean_diff": -0.047174150082740875,
        "lo": -0.06833393346583966,
        "hi": -0.0232539177654828,
        "significant": true,
        "n": 410
      },
      "ndcg": {
        "mean_diff": 0.00235098761532036,
        "lo": -0.01602764870517372,
        "hi": 0.021151211785839345,
        "significant": false,
        "n": 410
      },
      "wilcoxon_recall_p": 1.974925448002061e-06,
      "decision": "DROP (significantly worse)"
    },
    "Vc_ppmi_svd vs Vb_tagcosine @50": {
      "recall": {
        "mean_diff": -0.04378949450158981,
        "lo": -0.053518580970835734,
        "hi": -0.03330163685867664,
        "significant": true,
        "n": 410
      },
      "ndcg": {
        "mean_diff": -0.047436771932008744,
        "lo": -0.05603334122942042,
        "hi": -0.03757721211558505,
        "significant": true,
        "n": 410
      },
      "wilcoxon_recall_p": 1.4692175105887238e-17,
      "decision": "DROP (significantly worse)"
    },
    "Vd_ensemble vs Vc_ppmi_svd @50": {
      "recall": {
        "mean_diff": 0.0,
        "lo": 0.0,
        "hi": 0.0,
        "significant": false,
        "n": 410
      },
      "ndcg": {
        "mean_diff": 0.0,
        "lo": 0.0,
        "hi": 0.0,
        "significant": false,
        "n": 410
      },
      "wilcoxon_recall_p": NaN,
      "decision": "SIMPLIFY/INCONCLUSIVE (CI includes 0 — no detectable gain)"
    }
  },
  "metric_validation": {
    "checks": {
      "floor_ceiling": {
        "random": 0.004511919603500796,
        "oracle": 1.0,
        "pass": true
      },