{
  "n_test": 400,
  "n_newgenre_users": 22,
  "overall": {
    "cf": {
      "mean": 0.2025,
      "lo": 0.17457291666666663,
      "hi": 0.2320833333333333,
      "n": 400
    },
    "nov_b1": {
      "mean": 0.11625,
      "lo": 0.09291666666666666,
      "hi": 0.13916666666666666,
      "n": 400
    },
    "nov_b2": {
      "mean": 0.06708333333333333,
      "lo": 0.05,
      "hi": 0.08501041666666662,
      "n": 400
    },
    "nov_b3": {
      "mean": 0.0475,
      "lo": 0.03375,
      "hi": 0.06209374999999994,
      "n": 400
    }
  },
  "newgenre": {
    "cf": {
      "mean": 0.0,
      "lo": 0.0,
      "hi": 0.0,
      "n": 22
    },
    "nov_b1": {
      "mean": 0.09090909090909091,
      "lo": 0.0,
      "hi": 0.22727272727272727,
      "n": 22
    },
    "nov_b2": {
      "mean": 0.13636363636363635,
      "lo": 0.0,
      "hi": 0.2727272727272727,
      "n": 22
    },
    "nov_b3": {
      "mean": 0.18181818181818182,
      "lo": 0.045454545454545456,
      "hi": 0.36363636363636365,
      "n": 22
    }
  },
  "diff_vs_cf": {
    "nov_b1": {
      "newgenre": {
        "mean_diff": 0.09090909090909091,
        "lo": 0.0,
        "hi": 0.22727272727272727,
        "significant": false,
        "n": 22
      },
      "overall": {
        "mean_diff": -0.08625,
        "lo": -0.11209374999999999,
        "hi": -0.06332291666666671,
        "significant": true,
        "n": 400
      }
    },
    "nov_b2": {
      "newgenre": {
        "mean_diff": 0.13636363636363635,
        "lo": 0.0,
        "hi": 0.2727272727272727,
        "significant": false,
        "n": 22
      },
      "overall": {
        "mean_diff": -0.13541666666666666,
        "lo": -0.16376041666666669,
        "hi": -0.10875,
        "significant": true,
        "n": 400
      }
    },
    "nov_b3": {
      "newgenre": {
        "mean_diff": 0.18181818181818182,
        "lo": 0.045454545454545456,
        "hi": 0.36363636363636365,
        "significant": true,
        "n": 22
      },
      "overall": {
        "mean_diff": -0.155,
        "lo": -0.18334375,
        "hi": -0.1275,
        "significant": true,
        "n": 400
      }
    }
  },
  "best_config": "nov_b3"
}