{
  "aggregate": {
    "CF": {
      "recall@10": {
        "mean": 0.06944444444444443,
        "lo": 0.0,
        "hi": 0.16666666666666666,
        "n": 12
      },
      "ndcg@10": {
        "mean": 0.051791014187159985,
        "lo": 0.0,
        "hi": 0.1289509357448472,
        "n": 12
      },
      "recall@20": {
        "mean": 0.13888888888888887,
        "lo": 0.03437500000000002,
        "hi": 0.2638888888888889,
        "n": 12
      },
      "ndcg@20": {
        "mean": 0.07319761445200905,
        "lo": 0.012028359531893436,
        "hi": 0.15426459905359222,
        "n": 12
      },
      "recall@20_debiased": {
        "mean": 0.1212121212121212,
        "lo": 0.0,
        "hi": 0.3333333333333333,
        "n": 11
      },
      "recall@20_longtail": {
        "mean": 0.0,
        "lo": 0.0,
        "hi": 0.0,
        "n": 0
      }
    },
    "LLM": {
      "recall@10": {
        "mean": 0.0,
        "lo": 0.0,
        "hi": 0.0,
        "n": 12
      },
      "ndcg@10": {
        "mean": 0.0,
        "lo": 0.0,
        "hi": 0.0,
        "n": 12
      },
      "recall@20": {
        "mean": 0.0,
        "lo": 0.0,
        "hi": 0.0,
        "n": 12
      },
      "ndcg@20": {
        "mean": 0.0,
        "lo": 0.0,
        "hi": 0.0,
        "n": 12
      },
      "recall@20_debiased": {
        "mean": 0.0,
        "lo": 0.0,
        "hi": 0.0,
        "n": 11
      },
      "recall@20_longtail": {
        "mean": 0.0,
        "lo": 0.0,
        "hi": 0.0,
        "n": 0
      }
    },
    "POP": {
      "recall@10": {
        "mean": 0.027777777777777776,
        "lo": 0.0,
        "hi": 0.09791666666666603,
        "n": 12
      },
      "ndcg@10": {
        "mean": 0.016842278875045632,
        "lo": 0.0,
        "hi": 0.059369033034535466,
        "n": 12
      },
      "recall@20": {
        "mean": 0.1111111111111111,
        "lo": 0.013194444444444483,
        "hi": 0.23611111111111113,
        "n": 12
      },
      "ndcg@20": {
        "mean": 0.041869540446526854,
        "lo": 0.005820346818045418,
        "hi": 0.09046389703442517,
        "n": 12
      },
      "recall@20_debiased": {
        "mean": 0.0,
        "lo": 0.0,
        "hi": 0.0,
        "n": 11
      },
      "recall@20_longtail": {
        "mean": 0.0,
        "lo": 0.0,
        "hi": 0.0,
        "n": 0
      }
    },
    "ORACLE": {
      "recall@10": {
        "mean": 1.0,
        "lo": 1.0,
        "hi": 1.0,
        "n": 12
      },
      "ndcg@10": {
        "mean": 1.0,
        "lo": 1.0,
        "hi": 1.0,
        "n": 12
      },
      "recall@20": {
        "mean": 1.0,
        "lo": 1.0,
        "hi": 1.0,
        "n": 12
      },
      "ndcg@20": {
        "mean": 1.0,
        "lo": 1.0,
        "hi": 1.0,
        "n": 12
      },
      "recall@20_debiased": {
        "mean": 1.0,
        "lo": 1.0,
        "hi": 1.0,
        "n": 11
      },
      "recall@20_longtail": {
        "mean": 0.0,
        "lo": 0.0,
        "hi": 0.0,
        "n": 0
      }
    }
  },
  "comparisons": {
    "CF - POP recall@20": {
      "mean_diff": 0.027777777777777776,
      "lo": -0.125,
      "hi": 0.18055555555555555,
      "significant": false,
      "n": 12
    }
  },
  "llm_pool_miss": null
}