{
  "aggregate": {
    "CF": {
      "recall@10": {
        "mean": 0.23290598290598288,
        "lo": 0.16666666666666666,
        "hi": 0.3055555555555555,
        "n": 78
      },
      "ndcg@10": {
        "mean": 0.17014483893717688,
        "lo": 0.11531531189640756,
        "hi": 0.22741804123761716,
        "n": 78
      },
      "recall@20": {
        "mean": 0.2927350427350427,
        "lo": 0.21794871794871795,
        "hi": 0.3696581196581196,
        "n": 78
      },
      "ndcg@20": {
        "mean": 0.18966470378425238,
        "lo": 0.136451981937659,
        "hi": 0.24553655071834643,
        "n": 78
      },
      "recall@20_debiased": {
        "mean": 0.19487179487179487,
        "lo": 0.12051282051282051,
        "hi": 0.27692307692307694,
        "n": 65
      },
      "recall@20_longtail": {
        "mean": 0.13043478260869565,
        "lo": 0.0,
        "hi": 0.2608695652173913,
        "n": 23
      }
    },
    "LLM": {
      "recall@10": {
        "mean": 0.0,
        "lo": 0.0,
        "hi": 0.0,
        "n": 78
      },
      "ndcg@10": {
        "mean": 0.0,
        "lo": 0.0,
        "hi": 0.0,
        "n": 78
      },
      "recall@20": {
        "mean": 0.0,
        "lo": 0.0,
        "hi": 0.0,
        "n": 78
      },
      "ndcg@20": {
        "mean": 0.0,
        "lo": 0.0,
        "hi": 0.0,
        "n": 78
      },
      "recall@20_debiased": {
        "mean": 0.0,
        "lo": 0.0,
        "hi": 0.0,
        "n": 65
      },
      "recall@20_longtail": {
        "mean": 0.0,
        "lo": 0.0,
        "hi": 0.0,
        "n": 23
      }
    },
    "POP": {
      "recall@10": {
        "mean": 0.008547008547008546,
        "lo": 0.0,
        "hi": 0.021367521367521364,
        "n": 78
      },
      "ndcg@10": {
        "mean": 0.005182239653860194,
        "lo": 0.0,
        "hi": 0.012955599134650485,
        "n": 78
      },
      "recall@20": {
        "mean": 0.034188034188034185,
        "lo": 0.010683760683760682,
        "hi": 0.06196581196581196,
        "n": 78
      },
      "ndcg@20": {
        "mean": 0.013407297795717841,
        "lo": 0.003369887346890692,
        "hi": 0.025457581094026936,
        "n": 78
      },
      "recall@20_debiased": {
        "mean": 0.0,
        "lo": 0.0,
        "hi": 0.0,
        "n": 65
      },
      "recall@20_longtail": {
        "mean": 0.0,
        "lo": 0.0,
        "hi": 0.0,
        "n": 23
      }
    },
    "ORACLE": {
      "recall@10": {
        "mean": 1.0,
        "lo": 1.0,
        "hi": 1.0,
        "n": 78
      },
      "ndcg@10": {
        "mean": 1.0,
        "lo": 1.0,
        "hi": 1.0,
        "n": 78
      },
      "recall@20": {
        "mean": 1.0,
        "lo": 1.0,
        "hi": 1.0,
        "n": 78
      },
      "ndcg@20": {
        "mean": 1.0,
        "lo": 1.0,
        "hi": 1.0,
        "n": 78
      },
      "recall@20_debiased": {
        "mean": 1.0,
        "lo": 1.0,
        "hi": 1.0,
        "n": 65
      },
      "recall@20_longtail": {
        "mean": 1.0,
        "lo": 1.0,
        "hi": 1.0,
        "n": 23
      }
    }
  },
  "comparisons": {
    "CF - POP recall@20": {
      "mean_diff": 0.2585470085470085,
      "lo": 0.1794871794871795,
      "hi": 0.3376068376068376,
      "significant": true,
      "n": 78
    }
  },
  "llm_pool_miss": null
}