{
  "multi_entity": {
    "non_A": {
      "mean": 0.3083333333333333,
      "lo": 0.225,
      "hi": 0.3916666666666666,
      "n": 60
    },
    "non_B": {
      "mean": 0.027777777777777776,
      "lo": 0.005555555555555555,
      "hi": 0.058333333333333334,
      "n": 60
    },
    "non_min": {
      "mean": 0.01111111111111111,
      "lo": 0.0,
      "hi": 0.027777777777777776,
      "n": 60
    },
    "min_A": {
      "mean": 0.11944444444444444,
      "lo": 0.07222222222222222,
      "hi": 0.1722222222222222,
      "n": 60
    },
    "min_B": {
      "mean": 0.11944444444444444,
      "lo": 0.07222222222222222,
      "hi": 0.17222222222222222,
      "n": 60
    },
    "min_min": {
      "mean": 0.030555555555555555,
      "lo": 0.008263888888888894,
      "hi": 0.058333333333333334,
      "n": 60
    },
    "geomean_A": {
      "mean": 0.1611111111111111,
      "lo": 0.10277777777777777,
      "hi": 0.2222222222222222,
      "n": 60
    },
    "geomean_B": {
      "mean": 0.19166666666666668,
      "lo": 0.12777777777777777,
      "hi": 0.2555555555555556,
      "n": 60
    },
    "geomean_min": {
      "mean": 0.047222222222222214,
      "lo": 0.016666666666666666,
      "hi": 0.08333333333333333,
      "n": 60
    },
    "balanced_A": {
      "mean": 0.1861111111111111,
      "lo": 0.12493055555555554,
      "hi": 0.25277777777777777,
      "n": 60
    },
    "balanced_B": {
      "mean": 0.25277777777777777,
      "lo": 0.18333333333333332,
      "hi": 0.3277777777777777,
      "n": 60
    },
    "balanced_min": {
      "mean": 0.08333333333333331,
      "lo": 0.041666666666666664,
      "hi": 0.13333333333333333,
      "n": 60
    },
    "interleave_A": {
      "mean": 0.23055555555555554,
      "lo": 0.15555555555555553,
      "hi": 0.3055555555555555,
      "n": 60
    },
    "interleave_B": {
      "mean": 0.28055555555555556,
      "lo": 0.20833333333333331,
      "hi": 0.3527777777777778,
      "n": 60
    },
    "interleave_min": {
      "mean": 0.10833333333333332,
      "lo": 0.06111111111111111,
      "hi": 0.15833333333333333,
      "n": 60
    }
  },
  "cmp_min": {
    "mean_diff": 0.0972222222222222,
    "lo": 0.05277777777777778,
    "hi": 0.1472222222222222,
    "significant": true,
    "n": 60
  },
  "cmp_B": {
    "mean_diff": 0.25277777777777777,
    "lo": 0.17770833333333333,
    "hi": 0.33055555555555555,
    "significant": true,
    "n": 60
  },
  "over_constrained": {
    "non_complete": {
      "mean": 0.42083333333333334,
      "lo": 0.37083333333333335,
      "hi": 0.4725208333333333,
      "n": 60
    },
    "agt_complete": {
      "mean": 0.9774999999999999,
      "lo": 0.9466458333333333,
      "hi": 0.9975,
      "n": 60
    },
    "constraints": {
      "coop": true,
      "max_price": 10.0,
      "released_after": 2018
    }
  }
}