{
  "n_users": 129,
  "median_profilepool": 78,
  "like_min": 120.0,
  "by_profile_size": {
    "1": {
      "mean": 0.03517697853924265,
      "lo": 0.027527668722576663,
      "hi": 0.0433335812727832,
      "n": 129
    },
    "3": {
      "mean": 0.055501288971151044,
      "lo": 0.04598844232791568,
      "hi": 0.06477172117758502,
      "n": 129
    },
    "5": {
      "mean": 0.06389981556464114,
      "lo": 0.05316997760713362,
      "hi": 0.07494999222732027,
      "n": 129
    },
    "10": {
      "mean": 0.08224698407656068,
      "lo": 0.06969790705502533,
      "hi": 0.09569985217952966,
      "n": 129
    },
    "20": {
      "mean": 0.10863021648544025,
      "lo": 0.09463137096199617,
      "hi": 0.1237551231803127,
      "n": 129
    },
    "30": {
      "mean": 0.12326958528189924,
      "lo": 0.10752330108144574,
      "hi": 0.13892260038521556,
      "n": 129
    }
  },
  "gap_p3_to_hi": {
    "mean_diff": 0.06776829631074822,
    "lo": 0.05434447695976412,
    "hi": 0.08241818616980254,
    "significant": true,
    "n": 129
  },
  "last_step": {
    "mean_diff": 0.014639368796459013,
    "lo": 0.0072726097990704315,
    "hi": 0.022158373096915002,
    "significant": true,
    "n": 129
  },
  "monotonic": true
}