{
  "timestamp": "2025-08-23T01:52:32.676554",
  "tag_neighborhood_spotcheck": {
    "cozy": {
      "tag_idx": 85,
      "top_similar": [
        [
          "wholesome",
          0.9506813936406205
        ],
        [
          "creature collector",
          0.7790115916292178
        ],
        [
          "collectathon",
          0.7520302417435109
        ],
        [
          "nature",
          0.7025414512244356
        ],
        [
          "experience",
          0.6937692197901102
        ],
        [
          "dog",
          0.605530648982158
        ],
        [
          "female protagonist",
          0.5654653978998735
        ],
        [
          "cute",
          0.5604407491926041
        ],
        [
          "relaxing",
          0.52693537014031
        ],
        [
          "exploration",
          0.49387637566847997
        ]
      ]
    },
    "roguelike": {
      "tag_idx": 16,
      "top_similar": [
        [
          "roguelite",
          0.7727053159457732
        ],
        [
          "roguelike",
          0.7573747829583819
        ],
        [
          "bullet hell",
          0.6899998944246097
        ],
        [
          "perma death",
          0.6616262313827496
        ],
        [
          "roguevania",
          0.6489886868086875
        ],
        [
          "top-down shooter",
          0.6232082896671463
        ],
        [
          "dungeon crawler",
          0.5472483841371263
        ],
        [
          "twin stick shooter",
          0.5178752539701992
        ],
        [
          "procedural generation",
          0.485551769150241
        ],
        [
          "pixel graphics",
          0.48384805234279293
        ]
      ]
    },
    "horror": {
      "tag_idx": 166,
      "top_similar": [
        [
          "survival horror",
          0.7980622645764223
        ],
        [
          "psychological horror",
          0.7765143264856446
        ],
        [
          "dark",
          0.7269331605459105
        ],
        [
          "thriller",
          0.6267596859633722
        ],
        [
          "lovecraftian",
          0.5979367558529987
        ],
        [
          "atmospheric",
          0.587876674620591
        ],
        [
          "supernatural",
          0.5832468826499292
        ],
        [
          "first-person",
          0.5306920599745265
        ],
        [
          "story rich",
          0.5214736087636354
        ],
        [
          "gore",
          0.5090272256427458
        ]
      ]
    }
  },
  "game_similarity_spotcheck": {
    "game_881100": {
      "game_idx": 0,
      "top_similar": [
        [
          1426300,
          0.9460099812675611
        ],
        [
          401920,
          0.9421628262031618
        ],
        [
          1145360,
          0.9395468348360818
        ],
        [
          113200,
          0.9353446066717676
        ],
        [
          249050,
          0.9313604759337296
        ],
        [
          330020,
          0.9272638015847482
        ],
        [
          308420,
          0.9227824447469373
        ],
        [
          588650,
          0.9222765056643959
        ],
        [
          242680,
          0.9209370298580795
        ],
        [
          247080,
          0.92060786192716
        ]
      ]
    },
    "game_883710": {
      "game_idx": 1,
      "top_similar": [
        [
          304240,
          0.9849913419105933
        ],
        [
          601430,
          0.9682514874276117
        ],
        [
          12130,
          0.9581920987743752
        ],
        [
          15270,
          0.9564716205778019
        ],
        [
          286690,
          0.954313896075623
        ],
        [
          254700,
          0.9538331733383298
        ],
        [
          22340,
          0.9506691748306054
        ],
        [
          1670870,
          0.9505149998146345
        ],
        [
          287390,
          0.9486987841613397
        ],
        [
          254460,
          0.947887804641559
        ]
      ]
    },
    "game_889920": {
      "game_idx": 2,
      "top_similar": [
        [
          954740,
          0.91616299256004
        ],
        [
          1850570,
          0.8927300431975944
        ],
        [
          391220,
          0.8875988125735318
        ],
        [
          287390,
          0.8816174333084298
        ],
        [
          22300,
          0.8812412103679308
        ],
        [
          870780,
          0.8800597324334262
        ],
        [
          8870,
          0.8789253110906293
        ],
        [
          2138330,
          0.8763444577890885
        ],
        [
          205100,
          0.8747440393320924
        ],
        [
          866570,
          0.8735799359743351
        ]
      ]
    },
    "game_893180": {
      "game_idx": 3,
      "top_similar": [
        [
          311240,
          0.8888447269232411
        ],
        [
          1448000,
          0.8827307556430739
        ],
        [
          347720,
          0.8819287169563554
        ],
        [
          477740,
          0.8808242994360915
        ],
        [
          413420,
          0.8797024331634584
        ],
        [
          1335560,
          0.8735817458809272
        ],
        [
          2124490,
          0.8734056152122329
        ],
        [
          384110,
          0.8690533252894255
        ],
        [
          420530,
          0.8685448809816525
        ],
        [
          335000,
          0.8641126020367651
        ]
      ]
    },
    "game_893680": {
      "game_idx": 4,
      "top_similar": [
        [
          1359980,
          0.924520093057098
        ],
        [
          2005010,
          0.9213340289947549
        ],
        [
          964800,
          0.920327257752776
        ],
        [
          3017860,
          0.9183231188199573
        ],
        [
          1328350,
          0.9179682441832714
        ],
        [
          519860,
          0.9168537766762229
        ],
        [
          782330,
          0.907873407572671
        ],
        [
          673130,
          0.9007879803337437
        ],
        [
          2111190,
          0.9002711857238449
        ],
        [
          274170,
          0.8978037422443487
        ]
      ]
    },
    "game_894020": {
      "game_idx": 5,
      "top_similar": [
        [
          553420,
          0.9643516650060825
        ],
        [
          2680010,
          0.9443263187488773
        ],
        [
          1887840,
          0.9371711203182118
        ],
        [
          1983260,
          0.9344314653131927
        ],
        [
          1237320,
          0.9342039976596013
        ],
        [
          2221920,
          0.9266072283376091
        ],
        [
          2358720,
          0.921935964877544
        ],
        [
          1672970,
          0.9192230922434166
        ],
        [
          1593500,
          0.9084351225464167
        ],
        [
          579180,
          0.9074745058689696
        ]
      ]
    },
    "game_916440": {
      "game_idx": 6,
      "top_similar": [
        [
          492720,
          0.9778910625543821
        ],
        [
          39680,
          0.9654595080434178
        ],
        [
          57690,
          0.9570409096593947
        ],
        [
          23490,
          0.9532007511319249
        ],
        [
          1158310,
          0.9474080468236498
        ],
        [
          323190,
          0.9452643353610001
        ],
        [
          24780,
          0.9423859781441084
        ],
        [
          3024040,
          0.9410753637724125
        ],
        [
          203770,
          0.9373812108275524
        ],
        [
          233450,
          0.9306330574301571
        ]
      ]
    },
    "game_919360": {
      "game_idx": 7,