{
  "by_fraction": {
    "0.25": {
      "n_users": 35350,
      "recall@20": {
        "mean": 0.19166666666666668,
        "lo": 0.1472222222222222,
        "hi": 0.2375,
        "n": 120
      }
    },
    "0.5": {
      "n_users": 70701,
      "recall@20": {
        "mean": 0.24583333333333332,
        "lo": 0.19579861111111108,
        "hi": 0.2972222222222223,
        "n": 120
      }
    },
    "0.75": {
      "n_users": 106052,
      "recall@20": {
        "mean": 0.25416666666666665,
        "lo": 0.20274305555555552,
        "hi": 0.3069444444444444,
        "n": 120
      }
    },
    "1.0": {
      "n_users": 141403,
      "recall@20": {
        "mean": 0.26805555555555555,
        "lo": 0.2152777777777778,
        "hi": 0.32083333333333336,
        "n": 120
      }
    }
  },
  "growth_lo_to_hi": {
    "mean_diff": 0.07638888888888888,
    "lo": 0.03888888888888888,
    "hi": 0.11666666666666667,
    "significant": true,
    "n": 120
  }
}