{
  "n_test": 1800,
  "n_newgenre_users": 153,
  "overall": {
    "cf": {
      "mean": 0.22027777777777777,
      "lo": 0.20731249999999998,
      "hi": 0.23407638888888888,
      "n": 1800
    },
    "nov_b1": {
      "mean": 0.1425,
      "lo": 0.13055555555555556,
      "hi": 0.15444675925925924,
      "n": 1800
    },
    "nov_b2": {
      "mean": 0.08916666666666667,
      "lo": 0.07935185185185184,
      "hi": 0.09861111111111111,
      "n": 1800
    },
    "nov_b3": {
      "mean": 0.060648148148148145,
      "lo": 0.05286805555555555,
      "hi": 0.06861111111111111,
      "n": 1800
    }
  },
  "newgenre": {
    "cf": {
      "mean": 0.00980392156862745,
      "lo": 0.0,
      "hi": 0.026143790849673203,
      "n": 153
    },
    "nov_b1": {
      "mean": 0.0784313725490196,
      "lo": 0.0392156862745098,
      "hi": 0.12418300653594772,
      "n": 153
    },
    "nov_b2": {
      "mean": 0.12091503267973856,
      "lo": 0.0718954248366013,
      "hi": 0.17320261437908496,
      "n": 153
    },
    "nov_b3": {
      "mean": 0.12091503267973856,
      "lo": 0.0718954248366013,
      "hi": 0.17647058823529413,
      "n": 153
    }
  },
  "diff_vs_cf": {
    "nov_b1": {
      "newgenre": {
        "mean_diff": 0.06862745098039216,
        "lo": 0.032679738562091505,
        "hi": 0.1111111111111111,
        "significant": true,
        "n": 153
      },
      "overall": {
        "mean_diff": -0.07777777777777778,
        "lo": -0.08889120370370371,
        "hi": -0.06675694444444445,
        "significant": true,
        "n": 1800
      }
    },
    "nov_b2": {
      "newgenre": {
        "mean_diff": 0.1111111111111111,
        "lo": 0.06535947712418301,
        "hi": 0.16339869281045752,
        "significant": true,
        "n": 153
      },
      "overall": {
        "mean_diff": -0.13111111111111112,
        "lo": -0.14444444444444443,
        "hi": -0.11888888888888889,
        "significant": true,
        "n": 1800
      }
    },
    "nov_b3": {
      "newgenre": {
        "mean_diff": 0.1111111111111111,
        "lo": 0.06209150326797386,
        "hi": 0.16339869281045752,
        "significant": true,
        "n": 153
      },
      "overall": {
        "mean_diff": -0.15962962962962962,
        "lo": -0.17324305555555555,
        "hi": -0.14648148148148146,
        "significant": true,
        "n": 1800
      }
    }
  },
  "best_config": "nov_b2"
}