{
  "aggregate": {
    "V0_random": {
      "recall@10": {
        "mean": 0.0,
        "lo": 0.0,
        "hi": 0.0,
        "n": 50
      },
      "ndcg@10": {
        "mean": 0.0,
        "lo": 0.0,
        "hi": 0.0,
        "n": 50
      },
      "recall@20": {
        "mean": 0.0,
        "lo": 0.0,
        "hi": 0.0,
        "n": 50
      },
      "ndcg@20": {
        "mean": 0.0,
        "lo": 0.0,
        "hi": 0.0,
        "n": 50
      },
      "recall@50": {
        "mean": 0.0022222222222222222,
        "lo": 0.0,
        "hi": 0.006666666666666666,
        "n": 50
      },
      "ndcg@50": {
        "mean": 0.001054150257320506,
        "lo": 0.0,
        "hi": 0.003162450771961518,
        "n": 50
      },
      "coverage@10": 0.04881478505423865,
      "gini@10": 0.0271934156378601
    },
    "V1_popularity": {
      "recall@10": {
        "mean": 0.0478888888888889,
        "lo": 0.019930555555555556,
        "hi": 0.08378333333333333,
        "n": 50
      },
      "ndcg@10": {
        "mean": 0.04756725979325634,
        "lo": 0.02008058874029609,
        "hi": 0.08813098116656183,
        "n": 50
      },
      "recall@20": {
        "mean": 0.1056098901098901,
        "lo": 0.06840497557997559,
        "hi": 0.15253998778998779,
        "n": 50
      },
      "ndcg@20": {
        "mean": 0.07399121956268219,
        "lo": 0.04266305285773846,
        "hi": 0.1167939428122335,
        "n": 50
      },
      "recall@50": {
        "mean": 0.26441147741147736,
        "lo": 0.20502090964590963,
        "hi": 0.32996013431013427,
        "n": 50
      },
      "ndcg@50": {
        "mean": 0.1339578984299908,
        "lo": 0.09879811435659763,
        "hi": 0.18080668799752295,
        "n": 50
      },
      "coverage@10": 0.0012053033346725592,
      "gini@10": 0.1353333333333334
    },
    "tagset_jaccard": {
      "recall@10": {
        "mean": 0.10286507936507937,
        "lo": 0.06185198412698413,
        "hi": 0.15232757936507937,
        "n": 50
      },
      "ndcg@10": {
        "mean": 0.1224240160475263,
        "lo": 0.07510926166118216,
        "hi": 0.18086083164994302,
        "n": 50
      },
      "recall@20": {
        "mean": 0.14305555555555555,
        "lo": 0.09696865079365082,
        "hi": 0.19793591269841268,
        "n": 50
      },
      "ndcg@20": {
        "mean": 0.13871315150652605,
        "lo": 0.08935281478419899,
        "hi": 0.19941084009898827,
        "n": 50
      },
      "recall@50": {
        "mean": 0.2218174603174603,
        "lo": 0.1640017857142857,
        "hi": 0.28611666666666663,
        "n": 50
      },
      "ndcg@50": {
        "mean": 0.16866600501370368,
        "lo": 0.1169002432157811,
        "hi": 0.23215619048564426,
        "n": 50
      },
      "coverage@10": 0.04831257533145842,
      "gini@10": 0.03664864864864862
    },
    "Vb_tagcosine": {
      "recall@10": {
        "mean": 0.12715079365079365,
        "lo": 0.079775,
        "hi": 0.1848732142857143,
        "n": 50
      },
      "ndcg@10": {
        "mean": 0.13886255382975532,
        "lo": 0.08921972160212278,
        "hi": 0.1989364641321765,
        "n": 50
      },
      "recall@20": {
        "mean": 0.17053174603174603,
        "lo": 0.1106952380952381,
        "hi": 0.23872857142857137,
        "n": 50
      },
      "ndcg@20": {
        "mean": 0.15607152069165572,
        "lo": 0.10125232748557199,
        "hi": 0.22188950653500067,
        "n": 50
      },
      "recall@50": {
        "mean": 0.23497619047619048,
        "lo": 0.1636482142857143,
        "hi": 0.31096269841269836,
        "n": 50
      },
      "ndcg@50": {
        "mean": 0.18059117466849742,
        "lo": 0.12319735576973395,
        "hi": 0.25067660780953954,
        "n": 50
      },
      "coverage@10": 0.048111691442346324,
      "gini@10": 0.04015866388308975
    },
    "Vc_ppmi_svd": {
      "recall@10": {
        "mean": 0.0825079365079365,
        "lo": 0.0465156746031746,
        "hi": 0.12099999999999998,
        "n": 50
      },
      "ndcg@10": {
        "mean": 0.1002163137455942,
        "lo": 0.05562144204871923,
        "hi": 0.15077246824244175,
        "n": 50
      },
      "recall@20": {
        "mean": 0.13214285714285715,
        "lo": 0.08913293650793652,
        "hi": 0.17942182539682539,
        "n": 50
      },
      "ndcg@20": {
        "mean": 0.12109048784204593,
        "lo": 0.0752484503196121,
        "hi": 0.17169557850646283,
        "n": 50
      },
      "recall@50": {
        "mean": 0.19959523809523808,
        "lo": 0.14257162698412698,
        "hi": 0.26616289682539684,
        "n": 50
      },
      "ndcg@50": {
        "mean": 0.14589143874484803,
        "lo": 0.09788097213342052,
        "hi": 0.19661268726537423,
        "n": 50
      },
      "coverage@10": 0.04861390116512656,
      "gini@10": 0.03117355371900831
    },
    "Vd_ensemble": {
      "recall@10": {
        "mean": 0.0825079365079365,
        "lo": 0.0465156746031746,
        "hi": 0.12099999999999998,
        "n": 50
      },
      "ndcg@10": {
        "mean": 0.1002163137455942,
        "lo": 0.05562144204871923,
        "hi": 0.15077246824244175,
        "n": 50
      },
      "recall@20": {
        "mean": 0.13214285714285715,
        "lo": 0.08913293650793652,
        "hi": 0.17942182539682539,
        "n": 50
      },
      "ndcg@20": {
        "mean": 0.12109048784204593,
        "lo": 0.0752484503196121,
        "hi": 0.17169557850646283,
        "n": 50
      },
      "recall@50": {
        "mean": 0.19959523809523808,
        "lo": 0.14257162698412698,
        "hi": 0.26616289682539684,
        "n": 50
      },
      "ndcg@50": {
        "mean": 0.14589143874484803,
        "lo": 0.09788097213342052,
        "hi": 0.19661268726537423,
        "n": 50
      },
      "coverage@10": 0.04861390116512656,
      "gini@10": 0.03117355371900831
    }
  },
  "distinctiveness": {
    "Vc_vs_Vb@10": 0.25199999999999995,
    "Vd_vs_Vc@10": 1.0,
    "Vb_vs_V1@10": 0.006000000000000001
  },
  "comparisons": {
    "Vb_tagcosine vs V1_popularity @50": {
      "recall": {
        "mean_diff": -0.029435286935286943,
        "lo": -0.1475978021978022,
        "hi": 0.0842049908424908,
        "significant": false,
        "n": 50
      },
      "ndcg": {
        "mean_diff": 0.04663327623850659,
        "lo": -0.03955639257169535,
        "hi": 0.12612161727999405,
        "significant": false,
        "n": 50
      },
      "wilcoxon_recall_p": 0.519455985036619,
      "decision": "SIMPLIFY/INCONCLUSIVE (CI includes 0 — no detectable gain)"
    },
    "Vc_ppmi_svd vs Vb_tagcosine @50": {
      "recall": {
        "mean_diff": -0.03538095238095238,
        "lo": -0.08325952380952382,
        "hi": 0.010574206349206337,
        "significant": false,
        "n": 50
      },
      "ndcg": {
        "mean_diff": -0.03469973592364937,
        "lo": -0.06114801665109281,
        "hi": -0.004007010033501632,
        "significant": true,
        "n": 50
      },
      "wilcoxon_recall_p": 0.18807269767102264,
      "decision": "DROP (significantly worse)"
    },
    "Vd_ensemble vs Vc_ppmi_svd @50": {
      "recall": {
        "mean_diff": 0.0,
        "lo": 0.0,
        "hi": 0.0,
        "significant": false,
        "n": 50
      },
      "ndcg": {
        "mean_diff": 0.0,
        "lo": 0.0,
        "hi": 0.0,
        "significant": false,
        "n": 50
      },
      "wilcoxon_recall_p": NaN,
      "decision": "SIMPLIFY/INCONCLUSIVE (CI includes 0 — no detectable gain)"
    }
  },
  "metric_validation": {
    "checks": {
      "floor_ceiling": {
        "random": 0.0022222222222222222,
        "oracle": 1.0,
        "pass": true
      },
      "perturbation_monotonic": {
        "oracle": 1.0,
        "drop5": 0.22258547008547008,
        "drop10": 0.017948717948717947,
        "pass": true
      },
      "discriminative_power": {
        "real_recall_spread": 0.0353809523809524,
        "pass": true
      },